Bangladesh,Activewear
Bangladesh,Berg Work Jacket
Bangladesh,Bermuda
Bangladesh,Blouses
Bangladesh,Boxer Shorts
Bangladesh,Boys Double Knee Pant
Bangladesh,Boys Long Sleeve Shirt
Bangladesh,Camisoles
Bangladesh,Canvas Jacket
Bangladesh,Canvas Pant
Bangladesh,Canvas Shirt
Bangladesh,Canvas Shorts
Bangladesh,Cardigans
Bangladesh,Cargo Pants
Bangladesh,Cargo Shirts
Bangladesh,Casual Rainwear
Bangladesh,Casual Shirt
Bangladesh,Chef Uniforms
Bangladesh,Chefs Cook Shirts
Bangladesh,Children Wear
Bangladesh,Chinos
Bangladesh,Corporate Polo Shirts
Bangladesh,Corporate Shirts
Bangladesh,Corporate T-shirt
Bangladesh,Coverall
Bangladesh,Custom Made T-shirt
Bangladesh,Denim Jacket
Bangladesh,Denim Pant
Bangladesh,Denim Shirt
Bangladesh,Denim Skirts
Bangladesh,Denim Tops
Bangladesh,Denim Trouser
Bangladesh,Dress Shirts
Bangladesh,Duck Insulated Coverall
Bangladesh,Executive Chef Coat
Bangladesh,Fashion Design T-shirts
Bangladesh,Fishing Vest
Bangladesh,Flame Resistance Coverall
Bangladesh,Fleece Pullover
Bangladesh,Girls Short Sleeve Polo
Bangladesh,Gym Clothing
Bangladesh,Healthcare Uniforms
Bangladesh,High Visibility Jackets
Bangladesh,Hoodies
Bangladesh,Housekeeping Tunic
Bangladesh,Hunting Trouser
Bangladesh,Industrial Coverall
Bangladesh,Jackets
Bangladesh,Jeans Pants
Bangladesh,Jerseys
Bangladesh,Jogging Suits
Bangladesh,Joggings
Bangladesh,Jumper
Bangladesh,Kids Softshell Jacket
Bangladesh,Kneepad Work Trouser
Bangladesh,Knitwear
Bangladesh,Ladies Cross Over Scrub
Bangladesh,Ladies Underwear
Bangladesh,Ladies Vest Tops
Bangladesh,Ladies Wide Leg Trouser
Bangladesh,Maternity T-shirts
Bangladesh,Maternity Trouser
Bangladesh,Medical Scrub
Bangladesh,Medical Unisex Scrub
Bangladesh,Medical Workwear
Bangladesh,Mens Brief
Bangladesh,Mens Work Polo Shirt
Bangladesh,Mens Work Shirt
Bangladesh,Mens Zip Front Cotton Coverall
Bangladesh,Mens Zip Pocket Scrub
Bangladesh,Mens Zipper Smock Lab Coat
Bangladesh,Multi Pokets Vest
Bangladesh,Night T-shirts
Bangladesh,Night Dresses
Bangladesh,Nightwears
Bangladesh,Outerwear
Bangladesh,Overall
Bangladesh,Padding Jacket
Bangladesh,Pyjama Sets
Bangladesh,Panties
Bangladesh,Pants
Bangladesh,Patient Gown
Bangladesh,Polar Fleece Jacket
Bangladesh,Polo Shirts
Bangladesh,Chefs Trousers
Bangladesh,Pullovers
Bangladesh,Pyjama Sets
Bangladesh,School Sweater
Bangladesh,Shorts Pants
Bangladesh,Skirts
Bangladesh,Sleepwear
Bangladesh,Smocked Waistband Pant
Bangladesh,Softshell Work Jacket
Bangladesh,Sportswear
Bangladesh,Sweater
Bangladesh,Sweatshirts
Bangladesh,Swimwear
Bangladesh,T-shirts
Bangladesh,Tabard With Pocket
Bangladesh,Tank Tops
Bangladesh,Team Wear
Bangladesh,Track Pants
Bangladesh,Tracksuits
Bangladesh,Trousers
Bangladesh,Twill Jacket
Bangladesh,Twill Pant
Bangladesh,Twill Shirt
Bangladesh,Twill Shorts
Bangladesh,Undergarments
Bangladesh,Underwear
Bangladesh,Uniform
Bangladesh,White Tapered Apron
Bangladesh,Work Cargo Shorts
Bangladesh,Work Clothes
Bangladesh,Work Vest
Bangladesh,Work Wear
Bangladesh,Woven Jacket